GEO.id,Id
GEO.id2,Id2
GEO.display-label,Geography
SUBHD0101_S01,Number - Both sexes; Total population (all ages)
SUBHD0102_S01,Number - Male; Total population (all ages)
SUBHD0103_S01,Number - Female; Total population (all ages)
SUBHD0201_S01,Percent - Both sexes; Total population (all ages)
SUBHD0202_S01,Percent - Male; Total population (all ages)
SUBHD0203_S01,Percent - Female; Total population (all ages)
HD03_S01,Males per 100 females; Total population (all ages)
SUBHD0101_S02,Number - Both sexes; Total population (all ages) - Under 5 years
SUBHD0102_S02,Number - Male; Total population (all ages) - Under 5 years
SUBHD0103_S02,Number - Female; Total population (all ages) - Under 5 years
SUBHD0201_S02,Percent - Both sexes; Total population (all ages) - Under 5 years
SUBHD0202_S02,Percent - Male; Total population (all ages) - Under 5 years
SUBHD0203_S02,Percent - Female; Total population (all ages) - Under 5 years
HD03_S02,Males per 100 females; Total population (all ages) - Under 5 years
SUBHD0101_S03,Number - Both sexes; Total population (all ages) - Under 5 years - Under 1 year
SUBHD0102_S03,Number - Male; Total population (all ages) - Under 5 years - Under 1 year
SUBHD0103_S03,Number - Female; Total population (all ages) - Under 5 years - Under 1 year
SUBHD0201_S03,Percent - Both sexes; Total population (all ages) - Under 5 years - Under 1 year
SUBHD0202_S03,Percent - Male; Total population (all ages) - Under 5 years - Under 1 year
SUBHD0203_S03,Percent - Female; Total population (all ages) - Under 5 years - Under 1 year
HD03_S03,Males per 100 females; Total population (all ages) - Under 5 years - Under 1 year
SUBHD0101_S04,Number - Both sexes; Total population (all ages) - Under 5 years - 1 year
SUBHD0102_S04,Number - Male; Total population (all ages) - Under 5 years - 1 year
SUBHD0103_S04,Number - Female; Total population (all ages) - Under 5 years - 1 year
SUBHD0201_S04,Percent - Both sexes; Total population (all ages) - Under 5 years - 1 year
SUBHD0202_S04,Percent - Male; Total population (all ages) - Under 5 years - 1 year
SUBHD0203_S04,Percent - Female; Total population (all ages) - Under 5 years - 1 year
HD03_S04,Males per 100 females; Total population (all ages) - Under 5 years - 1 year
SUBHD0101_S05,Number - Both sexes; Total population (all ages) - Under 5 years - 2 years
SUBHD0102_S05,Number - Male; Total population (all ages) - Under 5 years - 2 years
SUBHD0103_S05,Number - Female; Total population (all ages) - Under 5 years - 2 years
SUBHD0201_S05,Percent - Both sexes; Total population (all ages) - Under 5 years - 2 years
SUBHD0202_S05,Percent - Male; Total population (all ages) - Under 5 years - 2 years
SUBHD0203_S05,Percent - Female; Total population (all ages) - Under 5 years - 2 years
HD03_S05,Males per 100 females; Total population (all ages) - Under 5 years - 2 years
SUBHD0101_S06,Number - Both sexes; Total population (all ages) - Under 5 years - 3 years
SUBHD0102_S06,Number - Male; Total population (all ages) - Under 5 years - 3 years
SUBHD0103_S06,Number - Female; Total population (all ages) - Under 5 years - 3 years
SUBHD0201_S06,Percent - Both sexes; Total population (all ages) - Under 5 years - 3 years
SUBHD0202_S06,Percent - Male; Total population (all ages) - Under 5 years - 3 years
SUBHD0203_S06,Percent - Female; Total population (all ages) - Under 5 years - 3 years
HD03_S06,Males per 100 females; Total population (all ages) - Under 5 years - 3 years
SUBHD0101_S07,Number - Both sexes; Total population (all ages) - Under 5 years - 4 years
SUBHD0102_S07,Number - Male; Total population (all ages) - Under 5 years - 4 years
SUBHD0103_S07,Number - Female; Total population (all ages) - Under 5 years - 4 years
SUBHD0201_S07,Percent - Both sexes; Total population (all ages) - Under 5 years - 4 years
SUBHD0202_S07,Percent - Male; Total population (all ages) - Under 5 years - 4 years
SUBHD0203_S07,Percent - Female; Total population (all ages) - Under 5 years - 4 years
HD03_S07,Males per 100 females; Total population (all ages) - Under 5 years - 4 years
SUBHD0101_S08,Number - Both sexes; Total population (all ages) - 5 to 9 years
SUBHD0102_S08,Number - Male; Total population (all ages) - 5 to 9 years
SUBHD0103_S08,Number - Female; Total population (all ages) - 5 to 9 years
SUBHD0201_S08,Percent - Both sexes; Total population (all ages) - 5 to 9 years
SUBHD0202_S08,Percent - Male; Total population (all ages) - 5 to 9 years
SUBHD0203_S08,Percent - Female; Total population (all ages) - 5 to 9 years
HD03_S08,Males per 100 females; Total population (all ages) - 5 to 9 years
SUBHD0101_S09,Number - Both sexes; Total population (all ages) - 5 to 9 years - 5 years
SUBHD0102_S09,Number - Male; Total population (all ages) - 5 to 9 years - 5 years
SUBHD0103_S09,Number - Female; Total population (all ages) - 5 to 9 years - 5 years
SUBHD0201_S09,Percent - Both sexes; Total population (all ages) - 5 to 9 years - 5 years
SUBHD0202_S09,Percent - Male; Total population (all ages) - 5 to 9 years - 5 years
SUBHD0203_S09,Percent - Female; Total population (all ages) - 5 to 9 years - 5 years
HD03_S09,Males per 100 females; Total population (all ages) - 5 to 9 years - 5 years
SUBHD0101_S10,Number - Both sexes; Total population (all ages) - 5 to 9 years - 6 years
SUBHD0102_S10,Number - Male; Total population (all ages) - 5 to 9 years - 6 years
SUBHD0103_S10,Number - Female; Total population (all ages) - 5 to 9 years - 6 years
SUBHD0201_S10,Percent - Both sexes; Total population (all ages) - 5 to 9 years - 6 years
SUBHD0202_S10,Percent - Male; Total population (all ages) - 5 to 9 years - 6 years
SUBHD0203_S10,Percent - Female; Total population (all ages) - 5 to 9 years - 6 years
HD03_S10,Males per 100 females; Total population (all ages) - 5 to 9 years - 6 years
SUBHD0101_S11,Number - Both sexes; Total population (all ages) - 5 to 9 years - 7 years
SUBHD0102_S11,Number - Male; Total population (all ages) - 5 to 9 years - 7 years
SUBHD0103_S11,Number - Female; Total population (all ages) - 5 to 9 years - 7 years
SUBHD0201_S11,Percent - Both sexes; Total population (all ages) - 5 to 9 years - 7 years
SUBHD0202_S11,Percent - Male; Total population (all ages) - 5 to 9 years - 7 years
SUBHD0203_S11,Percent - Female; Total population (all ages) - 5 to 9 years - 7 years
HD03_S11,Males per 100 females; Total population (all ages) - 5 to 9 years - 7 years
SUBHD0101_S12,Number - Both sexes; Total population (all ages) - 5 to 9 years - 8 years
SUBHD0102_S12,Number - Male; Total population (all ages) - 5 to 9 years - 8 years
SUBHD0103_S12,Number - Female; Total population (all ages) - 5 to 9 years - 8 years
SUBHD0201_S12,Percent - Both sexes; Total population (all ages) - 5 to 9 years - 8 years
SUBHD0202_S12,Percent - Male; Total population (all ages) - 5 to 9 years - 8 years
SUBHD0203_S12,Percent - Female; Total population (all ages) - 5 to 9 years - 8 years
HD03_S12,Males per 100 females; Total population (all ages) - 5 to 9 years - 8 years
SUBHD0101_S13,Number - Both sexes; Total population (all ages) - 5 to 9 years - 9 years
SUBHD0102_S13,Number - Male; Total population (all ages) - 5 to 9 years - 9 years
SUBHD0103_S13,Number - Female; Total population (all ages) - 5 to 9 years - 9 years
SUBHD0201_S13,Percent - Both sexes; Total population (all ages) - 5 to 9 years - 9 years
SUBHD0202_S13,Percent - Male; Total population (all ages) - 5 to 9 years - 9 years
SUBHD0203_S13,Percent - Female; Total population (all ages) - 5 to 9 years - 9 years
HD03_S13,Males per 100 females; Total population (all ages) - 5 to 9 years - 9 years
SUBHD0101_S14,Number - Both sexes; Total population (all ages) - 10 to 14 years
SUBHD0102_S14,Number - Male; Total population (all ages) - 10 to 14 years
SUBHD0103_S14,Number - Female; Total population (all ages) - 10 to 14 years
SUBHD0201_S14,Percent - Both sexes; Total population (all ages) - 10 to 14 years
SUBHD0202_S14,Percent - Male; Total population (all ages) - 10 to 14 years
SUBHD0203_S14,Percent - Female; Total population (all ages) - 10 to 14 years
HD03_S14,Males per 100 females; Total population (all ages) - 10 to 14 years
SUBHD0101_S15,Number - Both sexes; Total population (all ages) - 10 to 14 years - 10 years
SUBHD0102_S15,Number - Male; Total population (all ages) - 10 to 14 years - 10 years
SUBHD0103_S15,Number - Female; Total population (all ages) - 10 to 14 years - 10 years
SUBHD0201_S15,Percent - Both sexes; Total population (all ages) - 10 to 14 years - 10 years
SUBHD0202_S15,Percent - Male; Total population (all ages) - 10 to 14 years - 10 years
SUBHD0203_S15,Percent - Female; Total population (all ages) - 10 to 14 years - 10 years
HD03_S15,Males per 100 females; Total population (all ages) - 10 to 14 years - 10 years
SUBHD0101_S16,Number - Both sexes; Total population (all ages) - 10 to 14 years - 11 years
SUBHD0102_S16,Number - Male; Total population (all ages) - 10 to 14 years - 11 years
SUBHD0103_S16,Number - Female; Total population (all ages) - 10 to 14 years - 11 years
SUBHD0201_S16,Percent - Both sexes; Total population (all ages) - 10 to 14 years - 11 years
SUBHD0202_S16,Percent - Male; Total population (all ages) - 10 to 14 years - 11 years
SUBHD0203_S16,Percent - Female; Total population (all ages) - 10 to 14 years - 11 years
HD03_S16,Males per 100 females; Total population (all ages) - 10 to 14 years - 11 years
SUBHD0101_S17,Number - Both sexes; Total population (all ages) - 10 to 14 years - 12 years
SUBHD0102_S17,Number - Male; Total population (all ages) - 10 to 14 years - 12 years
SUBHD0103_S17,Number - Female; Total population (all ages) - 10 to 14 years - 12 years
SUBHD0201_S17,Percent - Both sexes; Total population (all ages) - 10 to 14 years - 12 years
SUBHD0202_S17,Percent - Male; Total population (all ages) - 10 to 14 years - 12 years
SUBHD0203_S17,Percent - Female; Total population (all ages) - 10 to 14 years - 12 years
HD03_S17,Males per 100 females; Total population (all ages) - 10 to 14 years - 12 years
SUBHD0101_S18,Number - Both sexes; Total population (all ages) - 10 to 14 years - 13 years
SUBHD0102_S18,Number - Male; Total population (all ages) - 10 to 14 years - 13 years
SUBHD0103_S18,Number - Female; Total population (all ages) - 10 to 14 years - 13 years
SUBHD0201_S18,Percent - Both sexes; Total population (all ages) - 10 to 14 years - 13 years
SUBHD0202_S18,Percent - Male; Total population (all ages) - 10 to 14 years - 13 years
SUBHD0203_S18,Percent - Female; Total population (all ages) - 10 to 14 years - 13 years
HD03_S18,Males per 100 females; Total population (all ages) - 10 to 14 years - 13 years
SUBHD0101_S19,Number - Both sexes; Total population (all ages) - 10 to 14 years - 14 years
SUBHD0102_S19,Number - Male; Total population (all ages) - 10 to 14 years - 14 years
SUBHD0103_S19,Number - Female; Total population (all ages) - 10 to 14 years - 14 years
SUBHD0201_S19,Percent - Both sexes; Total population (all ages) - 10 to 14 years - 14 years
SUBHD0202_S19,Percent - Male; Total population (all ages) - 10 to 14 years - 14 years
SUBHD0203_S19,Percent - Female; Total population (all ages) - 10 to 14 years - 14 years
HD03_S19,Males per 100 females; Total population (all ages) - 10 to 14 years - 14 years
SUBHD0101_S20,Number - Both sexes; Total population (all ages) - 15  to 19 years
SUBHD0102_S20,Number - Male; Total population (all ages) - 15  to 19 years
SUBHD0103_S20,Number - Female; Total population (all ages) - 15  to 19 years
SUBHD0201_S20,Percent - Both sexes; Total population (all ages) - 15  to 19 years
SUBHD0202_S20,Percent - Male; Total population (all ages) - 15  to 19 years
SUBHD0203_S20,Percent - Female; Total population (all ages) - 15  to 19 years
HD03_S20,Males per 100 females; Total population (all ages) - 15  to 19 years
SUBHD0101_S21,Number - Both sexes; Total population (all ages) - 15  to 19 years - 15 years
SUBHD0102_S21,Number - Male; Total population (all ages) - 15  to 19 years - 15 years
SUBHD0103_S21,Number - Female; Total population (all ages) - 15  to 19 years - 15 years
SUBHD0201_S21,Percent - Both sexes; Total population (all ages) - 15  to 19 years - 15 years
SUBHD0202_S21,Percent - Male; Total population (all ages) - 15  to 19 years - 15 years
SUBHD0203_S21,Percent - Female; Total population (all ages) - 15  to 19 years - 15 years
HD03_S21,Males per 100 females; Total population (all ages) - 15  to 19 years - 15 years
SUBHD0101_S22,Number - Both sexes; Total population (all ages) - 15  to 19 years - 16 years
SUBHD0102_S22,Number - Male; Total population (all ages) - 15  to 19 years - 16 years
SUBHD0103_S22,Number - Female; Total population (all ages) - 15  to 19 years - 16 years
SUBHD0201_S22,Percent - Both sexes; Total population (all ages) - 15  to 19 years - 16 years
SUBHD0202_S22,Percent - Male; Total population (all ages) - 15  to 19 years - 16 years
SUBHD0203_S22,Percent - Female; Total population (all ages) - 15  to 19 years - 16 years
HD03_S22,Males per 100 females; Total population (all ages) - 15  to 19 years - 16 years
SUBHD0101_S23,Number - Both sexes; Total population (all ages) - 15  to 19 years - 17 years
SUBHD0102_S23,Number - Male; Total population (all ages) - 15  to 19 years - 17 years
SUBHD0103_S23,Number - Female; Total population (all ages) - 15  to 19 years - 17 years
SUBHD0201_S23,Percent - Both sexes; Total population (all ages) - 15  to 19 years - 17 years
SUBHD0202_S23,Percent - Male; Total population (all ages) - 15  to 19 years - 17 years
SUBHD0203_S23,Percent - Female; Total population (all ages) - 15  to 19 years - 17 years
HD03_S23,Males per 100 females; Total population (all ages) - 15  to 19 years - 17 years
SUBHD0101_S24,Number - Both sexes; Total population (all ages) - 15  to 19 years - 18 years
SUBHD0102_S24,Number - Male; Total population (all ages) - 15  to 19 years - 18 years
SUBHD0103_S24,Number - Female; Total population (all ages) - 15  to 19 years - 18 years
SUBHD0201_S24,Percent - Both sexes; Total population (all ages) - 15  to 19 years - 18 years
SUBHD0202_S24,Percent - Male; Total population (all ages) - 15  to 19 years - 18 years
SUBHD0203_S24,Percent - Female; Total population (all ages) - 15  to 19 years - 18 years
HD03_S24,Males per 100 females; Total population (all ages) - 15  to 19 years - 18 years
SUBHD0101_S25,Number - Both sexes; Total population (all ages) - 15  to 19 years - 19 years
SUBHD0102_S25,Number - Male; Total population (all ages) - 15  to 19 years - 19 years
SUBHD0103_S25,Number - Female; Total population (all ages) - 15  to 19 years - 19 years
SUBHD0201_S25,Percent - Both sexes; Total population (all ages) - 15  to 19 years - 19 years
SUBHD0202_S25,Percent - Male; Total population (all ages) - 15  to 19 years - 19 years
SUBHD0203_S25,Percent - Female; Total population (all ages) - 15  to 19 years - 19 years
HD03_S25,Males per 100 females; Total population (all ages) - 15  to 19 years - 19 years
SUBHD0101_S26,Number - Both sexes; Total population (all ages) - 20 to 24 years
SUBHD0102_S26,Number - Male; Total population (all ages) - 20 to 24 years
SUBHD0103_S26,Number - Female; Total population (all ages) - 20 to 24 years
SUBHD0201_S26,Percent - Both sexes; Total population (all ages) - 20 to 24 years
SUBHD0202_S26,Percent - Male; Total population (all ages) - 20 to 24 years
SUBHD0203_S26,Percent - Female; Total population (all ages) - 20 to 24 years
HD03_S26,Males per 100 females; Total population (all ages) - 20 to 24 years
SUBHD0101_S27,Number - Both sexes; Total population (all ages) - 20 to 24 years - 20 years
SUBHD0102_S27,Number - Male; Total population (all ages) - 20 to 24 years - 20 years
SUBHD0103_S27,Number - Female; Total population (all ages) - 20 to 24 years - 20 years
SUBHD0201_S27,Percent - Both sexes; Total population (all ages) - 20 to 24 years - 20 years
SUBHD0202_S27,Percent - Male; Total population (all ages) - 20 to 24 years - 20 years
SUBHD0203_S27,Percent - Female; Total population (all ages) - 20 to 24 years - 20 years
HD03_S27,Males per 100 females; Total population (all ages) - 20 to 24 years - 20 years
SUBHD0101_S28,Number - Both sexes; Total population (all ages) - 20 to 24 years - 21 years
SUBHD0102_S28,Number - Male; Total population (all ages) - 20 to 24 years - 21 years
SUBHD0103_S28,Number - Female; Total population (all ages) - 20 to 24 years - 21 years
SUBHD0201_S28,Percent - Both sexes; Total population (all ages) - 20 to 24 years - 21 years
SUBHD0202_S28,Percent - Male; Total population (all ages) - 20 to 24 years - 21 years
SUBHD0203_S28,Percent - Female; Total population (all ages) - 20 to 24 years - 21 years
HD03_S28,Males per 100 females; Total population (all ages) - 20 to 24 years - 21 years
SUBHD0101_S29,Number - Both sexes; Total population (all ages) - 20 to 24 years - 22 years
SUBHD0102_S29,Number - Male; Total population (all ages) - 20 to 24 years - 22 years
SUBHD0103_S29,Number - Female; Total population (all ages) - 20 to 24 years - 22 years
SUBHD0201_S29,Percent - Both sexes; Total population (all ages) - 20 to 24 years - 22 years
SUBHD0202_S29,Percent - Male; Total population (all ages) - 20 to 24 years - 22 years
SUBHD0203_S29,Percent - Female; Total population (all ages) - 20 to 24 years - 22 years
HD03_S29,Males per 100 females; Total population (all ages) - 20 to 24 years - 22 years
SUBHD0101_S30,Number - Both sexes; Total population (all ages) - 20 to 24 years - 23 years
SUBHD0102_S30,Number - Male; Total population (all ages) - 20 to 24 years - 23 years
SUBHD0103_S30,Number - Female; Total population (all ages) - 20 to 24 years - 23 years
SUBHD0201_S30,Percent - Both sexes; Total population (all ages) - 20 to 24 years - 23 years
SUBHD0202_S30,Percent - Male; Total population (all ages) - 20 to 24 years - 23 years
SUBHD0203_S30,Percent - Female; Total population (all ages) - 20 to 24 years - 23 years
HD03_S30,Males per 100 females; Total population (all ages) - 20 to 24 years - 23 years
SUBHD0101_S31,Number - Both sexes; Total population (all ages) - 20 to 24 years - 24 years
SUBHD0102_S31,Number - Male; Total population (all ages) - 20 to 24 years - 24 years
SUBHD0103_S31,Number - Female; Total population (all ages) - 20 to 24 years - 24 years
SUBHD0201_S31,Percent - Both sexes; Total population (all ages) - 20 to 24 years - 24 years
SUBHD0202_S31,Percent - Male; Total population (all ages) - 20 to 24 years - 24 years
SUBHD0203_S31,Percent - Female; Total population (all ages) - 20 to 24 years - 24 years
HD03_S31,Males per 100 females; Total population (all ages) - 20 to 24 years - 24 years
SUBHD0101_S32,Number - Both sexes; Total population (all ages) - 25 to 29 years
SUBHD0102_S32,Number - Male; Total population (all ages) - 25 to 29 years
SUBHD0103_S32,Number - Female; Total population (all ages) - 25 to 29 years
SUBHD0201_S32,Percent - Both sexes; Total population (all ages) - 25 to 29 years
SUBHD0202_S32,Percent - Male; Total population (all ages) - 25 to 29 years
SUBHD0203_S32,Percent - Female; Total population (all ages) - 25 to 29 years
HD03_S32,Males per 100 females; Total population (all ages) - 25 to 29 years
SUBHD0101_S33,Number - Both sexes; Total population (all ages) - 25 to 29 years - 25 years
SUBHD0102_S33,Number - Male; Total population (all ages) - 25 to 29 years - 25 years
SUBHD0103_S33,Number - Female; Total population (all ages) - 25 to 29 years - 25 years
SUBHD0201_S33,Percent - Both sexes; Total population (all ages) - 25 to 29 years - 25 years
SUBHD0202_S33,Percent - Male; Total population (all ages) - 25 to 29 years - 25 years
SUBHD0203_S33,Percent - Female; Total population (all ages) - 25 to 29 years - 25 years
HD03_S33,Males per 100 females; Total population (all ages) - 25 to 29 years - 25 years
SUBHD0101_S34,Number - Both sexes; Total population (all ages) - 25 to 29 years - 26 years
SUBHD0102_S34,Number - Male; Total population (all ages) - 25 to 29 years - 26 years
SUBHD0103_S34,Number - Female; Total population (all ages) - 25 to 29 years - 26 years
SUBHD0201_S34,Percent - Both sexes; Total population (all ages) - 25 to 29 years - 26 years
SUBHD0202_S34,Percent - Male; Total population (all ages) - 25 to 29 years - 26 years
SUBHD0203_S34,Percent - Female; Total population (all ages) - 25 to 29 years - 26 years
HD03_S34,Males per 100 females; Total population (all ages) - 25 to 29 years - 26 years
SUBHD0101_S35,Number - Both sexes; Total population (all ages) - 25 to 29 years - 27 years
SUBHD0102_S35,Number - Male; Total population (all ages) - 25 to 29 years - 27 years
SUBHD0103_S35,Number - Female; Total population (all ages) - 25 to 29 years - 27 years
SUBHD0201_S35,Percent - Both sexes; Total population (all ages) - 25 to 29 years - 27 years
SUBHD0202_S35,Percent - Male; Total population (all ages) - 25 to 29 years - 27 years
SUBHD0203_S35,Percent - Female; Total population (all ages) - 25 to 29 years - 27 years
HD03_S35,Males per 100 females; Total population (all ages) - 25 to 29 years - 27 years
SUBHD0101_S36,Number - Both sexes; Total population (all ages) - 25 to 29 years - 28 years
SUBHD0102_S36,Number - Male; Total population (all ages) - 25 to 29 years - 28 years
SUBHD0103_S36,Number - Female; Total population (all ages) - 25 to 29 years - 28 years
SUBHD0201_S36,Percent - Both sexes; Total population (all ages) - 25 to 29 years - 28 years
SUBHD0202_S36,Percent - Male; Total population (all ages) - 25 to 29 years - 28 years
SUBHD0203_S36,Percent - Female; Total population (all ages) - 25 to 29 years - 28 years
HD03_S36,Males per 100 females; Total population (all ages) - 25 to 29 years - 28 years
SUBHD0101_S37,Number - Both sexes; Total population (all ages) - 25 to 29 years - 29 years
SUBHD0102_S37,Number - Male; Total population (all ages) - 25 to 29 years - 29 years
SUBHD0103_S37,Number - Female; Total population (all ages) - 25 to 29 years - 29 years
SUBHD0201_S37,Percent - Both sexes; Total population (all ages) - 25 to 29 years - 29 years
SUBHD0202_S37,Percent - Male; Total population (all ages) - 25 to 29 years - 29 years
SUBHD0203_S37,Percent - Female; Total population (all ages) - 25 to 29 years - 29 years
HD03_S37,Males per 100 females; Total population (all ages) - 25 to 29 years - 29 years
SUBHD0101_S38,Number - Both sexes; Total population (all ages) - 30 to 34 years
SUBHD0102_S38,Number - Male; Total population (all ages) - 30 to 34 years
SUBHD0103_S38,Number - Female; Total population (all ages) - 30 to 34 years
SUBHD0201_S38,Percent - Both sexes; Total population (all ages) - 30 to 34 years
SUBHD0202_S38,Percent - Male; Total population (all ages) - 30 to 34 years
SUBHD0203_S38,Percent - Female; Total population (all ages) - 30 to 34 years
HD03_S38,Males per 100 females; Total population (all ages) - 30 to 34 years
SUBHD0101_S39,Number - Both sexes; Total population (all ages) - 30 to 34 years - 30 years
SUBHD0102_S39,Number - Male; Total population (all ages) - 30 to 34 years - 30 years
SUBHD0103_S39,Number - Female; Total population (all ages) - 30 to 34 years - 30 years
SUBHD0201_S39,Percent - Both sexes; Total population (all ages) - 30 to 34 years - 30 years
SUBHD0202_S39,Percent - Male; Total population (all ages) - 30 to 34 years - 30 years
SUBHD0203_S39,Percent - Female; Total population (all ages) - 30 to 34 years - 30 years
HD03_S39,Males per 100 females; Total population (all ages) - 30 to 34 years - 30 years
SUBHD0101_S40,Number - Both sexes; Total population (all ages) - 30 to 34 years - 31 years
SUBHD0102_S40,Number - Male; Total population (all ages) - 30 to 34 years - 31 years
SUBHD0103_S40,Number - Female; Total population (all ages) - 30 to 34 years - 31 years
SUBHD0201_S40,Percent - Both sexes; Total population (all ages) - 30 to 34 years - 31 years
SUBHD0202_S40,Percent - Male; Total population (all ages) - 30 to 34 years - 31 years
SUBHD0203_S40,Percent - Female; Total population (all ages) - 30 to 34 years - 31 years
HD03_S40,Males per 100 females; Total population (all ages) - 30 to 34 years - 31 years
SUBHD0101_S41,Number - Both sexes; Total population (all ages) - 30 to 34 years - 32 years
SUBHD0102_S41,Number - Male; Total population (all ages) - 30 to 34 years - 32 years
SUBHD0103_S41,Number - Female; Total population (all ages) - 30 to 34 years - 32 years
SUBHD0201_S41,Percent - Both sexes; Total population (all ages) - 30 to 34 years - 32 years
SUBHD0202_S41,Percent - Male; Total population (all ages) - 30 to 34 years - 32 years
SUBHD0203_S41,Percent - Female; Total population (all ages) - 30 to 34 years - 32 years
HD03_S41,Males per 100 females; Total population (all ages) - 30 to 34 years - 32 years
SUBHD0101_S42,Number - Both sexes; Total population (all ages) - 30 to 34 years - 33 years
SUBHD0102_S42,Number - Male; Total population (all ages) - 30 to 34 years - 33 years
SUBHD0103_S42,Number - Female; Total population (all ages) - 30 to 34 years - 33 years
SUBHD0201_S42,Percent - Both sexes; Total population (all ages) - 30 to 34 years - 33 years
SUBHD0202_S42,Percent - Male; Total population (all ages) - 30 to 34 years - 33 years
SUBHD0203_S42,Percent - Female; Total population (all ages) - 30 to 34 years - 33 years
HD03_S42,Males per 100 females; Total population (all ages) - 30 to 34 years - 33 years
SUBHD0101_S43,Number - Both sexes; Total population (all ages) - 30 to 34 years - 34 years
SUBHD0102_S43,Number - Male; Total population (all ages) - 30 to 34 years - 34 years
SUBHD0103_S43,Number - Female; Total population (all ages) - 30 to 34 years - 34 years
SUBHD0201_S43,Percent - Both sexes; Total population (all ages) - 30 to 34 years - 34 years
SUBHD0202_S43,Percent - Male; Total population (all ages) - 30 to 34 years - 34 years
SUBHD0203_S43,Percent - Female; Total population (all ages) - 30 to 34 years - 34 years
HD03_S43,Males per 100 females; Total population (all ages) - 30 to 34 years - 34 years
SUBHD0101_S44,Number - Both sexes; Total population (all ages) - 35 to 39 years
SUBHD0102_S44,Number - Male; Total population (all ages) - 35 to 39 years
SUBHD0103_S44,Number - Female; Total population (all ages) - 35 to 39 years
SUBHD0201_S44,Percent - Both sexes; Total population (all ages) - 35 to 39 years
SUBHD0202_S44,Percent - Male; Total population (all ages) - 35 to 39 years
SUBHD0203_S44,Percent - Female; Total population (all ages) - 35 to 39 years
HD03_S44,Males per 100 females; Total population (all ages) - 35 to 39 years
SUBHD0101_S45,Number - Both sexes; Total population (all ages) - 35 to 39 years - 35 years
SUBHD0102_S45,Number - Male; Total population (all ages) - 35 to 39 years - 35 years
SUBHD0103_S45,Number - Female; Total population (all ages) - 35 to 39 years - 35 years
SUBHD0201_S45,Percent - Both sexes; Total population (all ages) - 35 to 39 years - 35 years
SUBHD0202_S45,Percent - Male; Total population (all ages) - 35 to 39 years - 35 years
SUBHD0203_S45,Percent - Female; Total population (all ages) - 35 to 39 years - 35 years
HD03_S45,Males per 100 females; Total population (all ages) - 35 to 39 years - 35 years
SUBHD0101_S46,Number - Both sexes; Total population (all ages) - 35 to 39 years - 36 years
SUBHD0102_S46,Number - Male; Total population (all ages) - 35 to 39 years - 36 years
SUBHD0103_S46,Number - Female; Total population (all ages) - 35 to 39 years - 36 years
SUBHD0201_S46,Percent - Both sexes; Total population (all ages) - 35 to 39 years - 36 years
SUBHD0202_S46,Percent - Male; Total population (all ages) - 35 to 39 years - 36 years
SUBHD0203_S46,Percent - Female; Total population (all ages) - 35 to 39 years - 36 years
HD03_S46,Males per 100 females; Total population (all ages) - 35 to 39 years - 36 years
SUBHD0101_S47,Number - Both sexes; Total population (all ages) - 35 to 39 years - 37 years
SUBHD0102_S47,Number - Male; Total population (all ages) - 35 to 39 years - 37 years
SUBHD0103_S47,Number - Female; Total population (all ages) - 35 to 39 years - 37 years
SUBHD0201_S47,Percent - Both sexes; Total population (all ages) - 35 to 39 years - 37 years
SUBHD0202_S47,Percent - Male; Total population (all ages) - 35 to 39 years - 37 years
SUBHD0203_S47,Percent - Female; Total population (all ages) - 35 to 39 years - 37 years
HD03_S47,Males per 100 females; Total population (all ages) - 35 to 39 years - 37 years
SUBHD0101_S48,Number - Both sexes; Total population (all ages) - 35 to 39 years - 38 years
SUBHD0102_S48,Number - Male; Total population (all ages) - 35 to 39 years - 38 years
SUBHD0103_S48,Number - Female; Total population (all ages) - 35 to 39 years - 38 years
SUBHD0201_S48,Percent - Both sexes; Total population (all ages) - 35 to 39 years - 38 years
SUBHD0202_S48,Percent - Male; Total population (all ages) - 35 to 39 years - 38 years
SUBHD0203_S48,Percent - Female; Total population (all ages) - 35 to 39 years - 38 years
HD03_S48,Males per 100 females; Total population (all ages) - 35 to 39 years - 38 years
SUBHD0101_S49,Number - Both sexes; Total population (all ages) - 35 to 39 years - 39 years
SUBHD0102_S49,Number - Male; Total population (all ages) - 35 to 39 years - 39 years
SUBHD0103_S49,Number - Female; Total population (all ages) - 35 to 39 years - 39 years
SUBHD0201_S49,Percent - Both sexes; Total population (all ages) - 35 to 39 years - 39 years
SUBHD0202_S49,Percent - Male; Total population (all ages) - 35 to 39 years - 39 years
SUBHD0203_S49,Percent - Female; Total population (all ages) - 35 to 39 years - 39 years
HD03_S49,Males per 100 females; Total population (all ages) - 35 to 39 years - 39 years
SUBHD0101_S50,Number - Both sexes; Total population (all ages) - 40 to 44 years
SUBHD0102_S50,Number - Male; Total population (all ages) - 40 to 44 years
SUBHD0103_S50,Number - Female; Total population (all ages) - 40 to 44 years
SUBHD0201_S50,Percent - Both sexes; Total population (all ages) - 40 to 44 years
SUBHD0202_S50,Percent - Male; Total population (all ages) - 40 to 44 years
SUBHD0203_S50,Percent - Female; Total population (all ages) - 40 to 44 years
HD03_S50,Males per 100 females; Total population (all ages) - 40 to 44 years
SUBHD0101_S51,Number - Both sexes; Total population (all ages) - 40 to 44 years - 40 years
SUBHD0102_S51,Number - Male; Total population (all ages) - 40 to 44 years - 40 years
SUBHD0103_S51,Number - Female; Total population (all ages) - 40 to 44 years - 40 years
SUBHD0201_S51,Percent - Both sexes; Total population (all ages) - 40 to 44 years - 40 years
SUBHD0202_S51,Percent - Male; Total population (all ages) - 40 to 44 years - 40 years
SUBHD0203_S51,Percent - Female; Total population (all ages) - 40 to 44 years - 40 years
HD03_S51,Males per 100 females; Total population (all ages) - 40 to 44 years - 40 years
SUBHD0101_S52,Number - Both sexes; Total population (all ages) - 40 to 44 years - 41 years
SUBHD0102_S52,Number - Male; Total population (all ages) - 40 to 44 years - 41 years
SUBHD0103_S52,Number - Female; Total population (all ages) - 40 to 44 years - 41 years
SUBHD0201_S52,Percent - Both sexes; Total population (all ages) - 40 to 44 years - 41 years
SUBHD0202_S52,Percent - Male; Total population (all ages) - 40 to 44 years - 41 years
SUBHD0203_S52,Percent - Female; Total population (all ages) - 40 to 44 years - 41 years
HD03_S52,Males per 100 females; Total population (all ages) - 40 to 44 years - 41 years
SUBHD0101_S53,Number - Both sexes; Total population (all ages) - 40 to 44 years - 42 years
SUBHD0102_S53,Number - Male; Total population (all ages) - 40 to 44 years - 42 years
SUBHD0103_S53,Number - Female; Total population (all ages) - 40 to 44 years - 42 years
SUBHD0201_S53,Percent - Both sexes; Total population (all ages) - 40 to 44 years - 42 years
SUBHD0202_S53,Percent - Male; Total population (all ages) - 40 to 44 years - 42 years
SUBHD0203_S53,Percent - Female; Total population (all ages) - 40 to 44 years - 42 years
HD03_S53,Males per 100 females; Total population (all ages) - 40 to 44 years - 42 years
SUBHD0101_S54,Number - Both sexes; Total population (all ages) - 40 to 44 years - 43 years
SUBHD0102_S54,Number - Male; Total population (all ages) - 40 to 44 years - 43 years
SUBHD0103_S54,Number - Female; Total population (all ages) - 40 to 44 years - 43 years
SUBHD0201_S54,Percent - Both sexes; Total population (all ages) - 40 to 44 years - 43 years
SUBHD0202_S54,Percent - Male; Total population (all ages) - 40 to 44 years - 43 years
SUBHD0203_S54,Percent - Female; Total population (all ages) - 40 to 44 years - 43 years
HD03_S54,Males per 100 females; Total population (all ages) - 40 to 44 years - 43 years
SUBHD0101_S55,Number - Both sexes; Total population (all ages) - 40 to 44 years - 44 years
SUBHD0102_S55,Number - Male; Total population (all ages) - 40 to 44 years - 44 years
SUBHD0103_S55,Number - Female; Total population (all ages) - 40 to 44 years - 44 years
SUBHD0201_S55,Percent - Both sexes; Total population (all ages) - 40 to 44 years - 44 years
SUBHD0202_S55,Percent - Male; Total population (all ages) - 40 to 44 years - 44 years
SUBHD0203_S55,Percent - Female; Total population (all ages) - 40 to 44 years - 44 years
HD03_S55,Males per 100 females; Total population (all ages) - 40 to 44 years - 44 years
SUBHD0101_S56,Number - Both sexes; Total population (all ages) - 45 to 49 years
SUBHD0102_S56,Number - Male; Total population (all ages) - 45 to 49 years
SUBHD0103_S56,Number - Female; Total population (all ages) - 45 to 49 years
SUBHD0201_S56,Percent - Both sexes; Total population (all ages) - 45 to 49 years
SUBHD0202_S56,Percent - Male; Total population (all ages) - 45 to 49 years
SUBHD0203_S56,Percent - Female; Total population (all ages) - 45 to 49 years
HD03_S56,Males per 100 females; Total population (all ages) - 45 to 49 years
SUBHD0101_S57,Number - Both sexes; Total population (all ages) - 45 to 49 years - 45 years
SUBHD0102_S57,Number - Male; Total population (all ages) - 45 to 49 years - 45 years
SUBHD0103_S57,Number - Female; Total population (all ages) - 45 to 49 years - 45 years
SUBHD0201_S57,Percent - Both sexes; Total population (all ages) - 45 to 49 years - 45 years
SUBHD0202_S57,Percent - Male; Total population (all ages) - 45 to 49 years - 45 years
SUBHD0203_S57,Percent - Female; Total population (all ages) - 45 to 49 years - 45 years
HD03_S57,Males per 100 females; Total population (all ages) - 45 to 49 years - 45 years
SUBHD0101_S58,Number - Both sexes; Total population (all ages) - 45 to 49 years - 46 years
SUBHD0102_S58,Number - Male; Total population (all ages) - 45 to 49 years - 46 years
SUBHD0103_S58,Number - Female; Total population (all ages) - 45 to 49 years - 46 years
SUBHD0201_S58,Percent - Both sexes; Total population (all ages) - 45 to 49 years - 46 years
SUBHD0202_S58,Percent - Male; Total population (all ages) - 45 to 49 years - 46 years
SUBHD0203_S58,Percent - Female; Total population (all ages) - 45 to 49 years - 46 years
HD03_S58,Males per 100 females; Total population (all ages) - 45 to 49 years - 46 years
SUBHD0101_S59,Number - Both sexes; Total population (all ages) - 45 to 49 years - 47 years
SUBHD0102_S59,Number - Male; Total population (all ages) - 45 to 49 years - 47 years
SUBHD0103_S59,Number - Female; Total population (all ages) - 45 to 49 years - 47 years
SUBHD0201_S59,Percent - Both sexes; Total population (all ages) - 45 to 49 years - 47 years
SUBHD0202_S59,Percent - Male; Total population (all ages) - 45 to 49 years - 47 years
SUBHD0203_S59,Percent - Female; Total population (all ages) - 45 to 49 years - 47 years
HD03_S59,Males per 100 females; Total population (all ages) - 45 to 49 years - 47 years
SUBHD0101_S60,Number - Both sexes; Total population (all ages) - 45 to 49 years - 48 years
SUBHD0102_S60,Number - Male; Total population (all ages) - 45 to 49 years - 48 years
SUBHD0103_S60,Number - Female; Total population (all ages) - 45 to 49 years - 48 years
SUBHD0201_S60,Percent - Both sexes; Total population (all ages) - 45 to 49 years - 48 years
SUBHD0202_S60,Percent - Male; Total population (all ages) - 45 to 49 years - 48 years
SUBHD0203_S60,Percent - Female; Total population (all ages) - 45 to 49 years - 48 years
HD03_S60,Males per 100 females; Total population (all ages) - 45 to 49 years - 48 years
SUBHD0101_S61,Number - Both sexes; Total population (all ages) - 45 to 49 years - 49 years
SUBHD0102_S61,Number - Male; Total population (all ages) - 45 to 49 years - 49 years
SUBHD0103_S61,Number - Female; Total population (all ages) - 45 to 49 years - 49 years
SUBHD0201_S61,Percent - Both sexes; Total population (all ages) - 45 to 49 years - 49 years
SUBHD0202_S61,Percent - Male; Total population (all ages) - 45 to 49 years - 49 years
SUBHD0203_S61,Percent - Female; Total population (all ages) - 45 to 49 years - 49 years
HD03_S61,Males per 100 females; Total population (all ages) - 45 to 49 years - 49 years
SUBHD0101_S62,Number - Both sexes; Total population (all ages) - 50 to 54 years
SUBHD0102_S62,Number - Male; Total population (all ages) - 50 to 54 years
SUBHD0103_S62,Number - Female; Total population (all ages) - 50 to 54 years
SUBHD0201_S62,Percent - Both sexes; Total population (all ages) - 50 to 54 years
SUBHD0202_S62,Percent - Male; Total population (all ages) - 50 to 54 years
SUBHD0203_S62,Percent - Female; Total population (all ages) - 50 to 54 years
HD03_S62,Males per 100 females; Total population (all ages) - 50 to 54 years
SUBHD0101_S63,Number - Both sexes; Total population (all ages) - 50 to 54 years - 50 years
SUBHD0102_S63,Number - Male; Total population (all ages) - 50 to 54 years - 50 years
SUBHD0103_S63,Number - Female; Total population (all ages) - 50 to 54 years - 50 years
SUBHD0201_S63,Percent - Both sexes; Total population (all ages) - 50 to 54 years - 50 years
SUBHD0202_S63,Percent - Male; Total population (all ages) - 50 to 54 years - 50 years
SUBHD0203_S63,Percent - Female; Total population (all ages) - 50 to 54 years - 50 years
HD03_S63,Males per 100 females; Total population (all ages) - 50 to 54 years - 50 years
SUBHD0101_S64,Number - Both sexes; Total population (all ages) - 50 to 54 years - 51 years
SUBHD0102_S64,Number - Male; Total population (all ages) - 50 to 54 years - 51 years
SUBHD0103_S64,Number - Female; Total population (all ages) - 50 to 54 years - 51 years
SUBHD0201_S64,Percent - Both sexes; Total population (all ages) - 50 to 54 years - 51 years
SUBHD0202_S64,Percent - Male; Total population (all ages) - 50 to 54 years - 51 years
SUBHD0203_S64,Percent - Female; Total population (all ages) - 50 to 54 years - 51 years
HD03_S64,Males per 100 females; Total population (all ages) - 50 to 54 years - 51 years
SUBHD0101_S65,Number - Both sexes; Total population (all ages) - 50 to 54 years - 52 years
SUBHD0102_S65,Number - Male; Total population (all ages) - 50 to 54 years - 52 years
SUBHD0103_S65,Number - Female; Total population (all ages) - 50 to 54 years - 52 years
SUBHD0201_S65,Percent - Both sexes; Total population (all ages) - 50 to 54 years - 52 years
SUBHD0202_S65,Percent - Male; Total population (all ages) - 50 to 54 years - 52 years
SUBHD0203_S65,Percent - Female; Total population (all ages) - 50 to 54 years - 52 years
HD03_S65,Males per 100 females; Total population (all ages) - 50 to 54 years - 52 years
SUBHD0101_S66,Number - Both sexes; Total population (all ages) - 50 to 54 years - 53 years
SUBHD0102_S66,Number - Male; Total population (all ages) - 50 to 54 years - 53 years
SUBHD0103_S66,Number - Female; Total population (all ages) - 50 to 54 years - 53 years
SUBHD0201_S66,Percent - Both sexes; Total population (all ages) - 50 to 54 years - 53 years
SUBHD0202_S66,Percent - Male; Total population (all ages) - 50 to 54 years - 53 years
SUBHD0203_S66,Percent - Female; Total population (all ages) - 50 to 54 years - 53 years
HD03_S66,Males per 100 females; Total population (all ages) - 50 to 54 years - 53 years
SUBHD0101_S67,Number - Both sexes; Total population (all ages) - 50 to 54 years - 54 years
SUBHD0102_S67,Number - Male; Total population (all ages) - 50 to 54 years - 54 years
SUBHD0103_S67,Number - Female; Total population (all ages) - 50 to 54 years - 54 years
SUBHD0201_S67,Percent - Both sexes; Total population (all ages) - 50 to 54 years - 54 years
SUBHD0202_S67,Percent - Male; Total population (all ages) - 50 to 54 years - 54 years
SUBHD0203_S67,Percent - Female; Total population (all ages) - 50 to 54 years - 54 years
HD03_S67,Males per 100 females; Total population (all ages) - 50 to 54 years - 54 years
SUBHD0101_S68,Number - Both sexes; Total population (all ages) - 55 to 59 years
SUBHD0102_S68,Number - Male; Total population (all ages) - 55 to 59 years
SUBHD0103_S68,Number - Female; Total population (all ages) - 55 to 59 years
SUBHD0201_S68,Percent - Both sexes; Total population (all ages) - 55 to 59 years
SUBHD0202_S68,Percent - Male; Total population (all ages) - 55 to 59 years
SUBHD0203_S68,Percent - Female; Total population (all ages) - 55 to 59 years
HD03_S68,Males per 100 females; Total population (all ages) - 55 to 59 years
SUBHD0101_S69,Number - Both sexes; Total population (all ages) - 55 to 59 years - 55 years
SUBHD0102_S69,Number - Male; Total population (all ages) - 55 to 59 years - 55 years
SUBHD0103_S69,Number - Female; Total population (all ages) - 55 to 59 years - 55 years
SUBHD0201_S69,Percent - Both sexes; Total population (all ages) - 55 to 59 years - 55 years
SUBHD0202_S69,Percent - Male; Total population (all ages) - 55 to 59 years - 55 years
SUBHD0203_S69,Percent - Female; Total population (all ages) - 55 to 59 years - 55 years
HD03_S69,Males per 100 females; Total population (all ages) - 55 to 59 years - 55 years
SUBHD0101_S70,Number - Both sexes; Total population (all ages) - 55 to 59 years - 56 years
SUBHD0102_S70,Number - Male; Total population (all ages) - 55 to 59 years - 56 years
SUBHD0103_S70,Number - Female; Total population (all ages) - 55 to 59 years - 56 years
SUBHD0201_S70,Percent - Both sexes; Total population (all ages) - 55 to 59 years - 56 years
SUBHD0202_S70,Percent - Male; Total population (all ages) - 55 to 59 years - 56 years
SUBHD0203_S70,Percent - Female; Total population (all ages) - 55 to 59 years - 56 years
HD03_S70,Males per 100 females; Total population (all ages) - 55 to 59 years - 56 years
SUBHD0101_S71,Number - Both sexes; Total population (all ages) - 55 to 59 years - 57 years
SUBHD0102_S71,Number - Male; Total population (all ages) - 55 to 59 years - 57 years
SUBHD0103_S71,Number - Female; Total population (all ages) - 55 to 59 years - 57 years
SUBHD0201_S71,Percent - Both sexes; Total population (all ages) - 55 to 59 years - 57 years
SUBHD0202_S71,Percent - Male; Total population (all ages) - 55 to 59 years - 57 years
SUBHD0203_S71,Percent - Female; Total population (all ages) - 55 to 59 years - 57 years
HD03_S71,Males per 100 females; Total population (all ages) - 55 to 59 years - 57 years
SUBHD0101_S72,Number - Both sexes; Total population (all ages) - 55 to 59 years - 58 years
SUBHD0102_S72,Number - Male; Total population (all ages) - 55 to 59 years - 58 years
SUBHD0103_S72,Number - Female; Total population (all ages) - 55 to 59 years - 58 years
SUBHD0201_S72,Percent - Both sexes; Total population (all ages) - 55 to 59 years - 58 years
SUBHD0202_S72,Percent - Male; Total population (all ages) - 55 to 59 years - 58 years
SUBHD0203_S72,Percent - Female; Total population (all ages) - 55 to 59 years - 58 years
HD03_S72,Males per 100 females; Total population (all ages) - 55 to 59 years - 58 years
SUBHD0101_S73,Number - Both sexes; Total population (all ages) - 55 to 59 years - 59 years
SUBHD0102_S73,Number - Male; Total population (all ages) - 55 to 59 years - 59 years
SUBHD0103_S73,Number - Female; Total population (all ages) - 55 to 59 years - 59 years
SUBHD0201_S73,Percent - Both sexes; Total population (all ages) - 55 to 59 years - 59 years
SUBHD0202_S73,Percent - Male; Total population (all ages) - 55 to 59 years - 59 years
SUBHD0203_S73,Percent - Female; Total population (all ages) - 55 to 59 years - 59 years
HD03_S73,Males per 100 females; Total population (all ages) - 55 to 59 years - 59 years
SUBHD0101_S74,Number - Both sexes; Total population (all ages) - 60 to 64 years
SUBHD0102_S74,Number - Male; Total population (all ages) - 60 to 64 years
SUBHD0103_S74,Number - Female; Total population (all ages) - 60 to 64 years
SUBHD0201_S74,Percent - Both sexes; Total population (all ages) - 60 to 64 years
SUBHD0202_S74,Percent - Male; Total population (all ages) - 60 to 64 years
SUBHD0203_S74,Percent - Female; Total population (all ages) - 60 to 64 years
HD03_S74,Males per 100 females; Total population (all ages) - 60 to 64 years
SUBHD0101_S75,Number - Both sexes; Total population (all ages) - 60 to 64 years - 60 years
SUBHD0102_S75,Number - Male; Total population (all ages) - 60 to 64 years - 60 years
SUBHD0103_S75,Number - Female; Total population (all ages) - 60 to 64 years - 60 years
SUBHD0201_S75,Percent - Both sexes; Total population (all ages) - 60 to 64 years - 60 years
SUBHD0202_S75,Percent - Male; Total population (all ages) - 60 to 64 years - 60 years
SUBHD0203_S75,Percent - Female; Total population (all ages) - 60 to 64 years - 60 years
HD03_S75,Males per 100 females; Total population (all ages) - 60 to 64 years - 60 years
SUBHD0101_S76,Number - Both sexes; Total population (all ages) - 60 to 64 years - 61 years
SUBHD0102_S76,Number - Male; Total population (all ages) - 60 to 64 years - 61 years
SUBHD0103_S76,Number - Female; Total population (all ages) - 60 to 64 years - 61 years
SUBHD0201_S76,Percent - Both sexes; Total population (all ages) - 60 to 64 years - 61 years
SUBHD0202_S76,Percent - Male; Total population (all ages) - 60 to 64 years - 61 years
SUBHD0203_S76,Percent - Female; Total population (all ages) - 60 to 64 years - 61 years
HD03_S76,Males per 100 females; Total population (all ages) - 60 to 64 years - 61 years
SUBHD0101_S77,Number - Both sexes; Total population (all ages) - 60 to 64 years - 62 years
SUBHD0102_S77,Number - Male; Total population (all ages) - 60 to 64 years - 62 years
SUBHD0103_S77,Number - Female; Total population (all ages) - 60 to 64 years - 62 years
SUBHD0201_S77,Percent - Both sexes; Total population (all ages) - 60 to 64 years - 62 years
SUBHD0202_S77,Percent - Male; Total population (all ages) - 60 to 64 years - 62 years
SUBHD0203_S77,Percent - Female; Total population (all ages) - 60 to 64 years - 62 years
HD03_S77,Males per 100 females; Total population (all ages) - 60 to 64 years - 62 years
SUBHD0101_S78,Number - Both sexes; Total population (all ages) - 60 to 64 years - 63 years
SUBHD0102_S78,Number - Male; Total population (all ages) - 60 to 64 years - 63 years
SUBHD0103_S78,Number - Female; Total population (all ages) - 60 to 64 years - 63 years
SUBHD0201_S78,Percent - Both sexes; Total population (all ages) - 60 to 64 years - 63 years
SUBHD0202_S78,Percent - Male; Total population (all ages) - 60 to 64 years - 63 years
SUBHD0203_S78,Percent - Female; Total population (all ages) - 60 to 64 years - 63 years
HD03_S78,Males per 100 females; Total population (all ages) - 60 to 64 years - 63 years
SUBHD0101_S79,Number - Both sexes; Total population (all ages) - 60 to 64 years - 64 years
SUBHD0102_S79,Number - Male; Total population (all ages) - 60 to 64 years - 64 years
SUBHD0103_S79,Number - Female; Total population (all ages) - 60 to 64 years - 64 years
SUBHD0201_S79,Percent - Both sexes; Total population (all ages) - 60 to 64 years - 64 years
SUBHD0202_S79,Percent - Male; Total population (all ages) - 60 to 64 years - 64 years
SUBHD0203_S79,Percent - Female; Total population (all ages) - 60 to 64 years - 64 years
HD03_S79,Males per 100 females; Total population (all ages) - 60 to 64 years - 64 years
SUBHD0101_S80,Number - Both sexes; Total population (all ages) - 65 to 69 years
SUBHD0102_S80,Number - Male; Total population (all ages) - 65 to 69 years
SUBHD0103_S80,Number - Female; Total population (all ages) - 65 to 69 years
SUBHD0201_S80,Percent - Both sexes; Total population (all ages) - 65 to 69 years
SUBHD0202_S80,Percent - Male; Total population (all ages) - 65 to 69 years
SUBHD0203_S80,Percent - Female; Total population (all ages) - 65 to 69 years
HD03_S80,Males per 100 females; Total population (all ages) - 65 to 69 years
SUBHD0101_S81,Number - Both sexes; Total population (all ages) - 65 to 69 years - 65 years
SUBHD0102_S81,Number - Male; Total population (all ages) - 65 to 69 years - 65 years
SUBHD0103_S81,Number - Female; Total population (all ages) - 65 to 69 years - 65 years
SUBHD0201_S81,Percent - Both sexes; Total population (all ages) - 65 to 69 years - 65 years
SUBHD0202_S81,Percent - Male; Total population (all ages) - 65 to 69 years - 65 years
SUBHD0203_S81,Percent - Female; Total population (all ages) - 65 to 69 years - 65 years
HD03_S81,Males per 100 females; Total population (all ages) - 65 to 69 years - 65 years
SUBHD0101_S82,Number - Both sexes; Total population (all ages) - 65 to 69 years - 66 years
SUBHD0102_S82,Number - Male; Total population (all ages) - 65 to 69 years - 66 years
SUBHD0103_S82,Number - Female; Total population (all ages) - 65 to 69 years - 66 years
SUBHD0201_S82,Percent - Both sexes; Total population (all ages) - 65 to 69 years - 66 years
SUBHD0202_S82,Percent - Male; Total population (all ages) - 65 to 69 years - 66 years
SUBHD0203_S82,Percent - Female; Total population (all ages) - 65 to 69 years - 66 years
HD03_S82,Males per 100 females; Total population (all ages) - 65 to 69 years - 66 years
SUBHD0101_S83,Number - Both sexes; Total population (all ages) - 65 to 69 years - 67 years
SUBHD0102_S83,Number - Male; Total population (all ages) - 65 to 69 years - 67 years
SUBHD0103_S83,Number - Female; Total population (all ages) - 65 to 69 years - 67 years
SUBHD0201_S83,Percent - Both sexes; Total population (all ages) - 65 to 69 years - 67 years
SUBHD0202_S83,Percent - Male; Total population (all ages) - 65 to 69 years - 67 years
SUBHD0203_S83,Percent - Female; Total population (all ages) - 65 to 69 years - 67 years
HD03_S83,Males per 100 females; Total population (all ages) - 65 to 69 years - 67 years
SUBHD0101_S84,Number - Both sexes; Total population (all ages) - 65 to 69 years - 68 years
SUBHD0102_S84,Number - Male; Total population (all ages) - 65 to 69 years - 68 years
SUBHD0103_S84,Number - Female; Total population (all ages) - 65 to 69 years - 68 years
SUBHD0201_S84,Percent - Both sexes; Total population (all ages) - 65 to 69 years - 68 years
SUBHD0202_S84,Percent - Male; Total population (all ages) - 65 to 69 years - 68 years
SUBHD0203_S84,Percent - Female; Total population (all ages) - 65 to 69 years - 68 years
HD03_S84,Males per 100 females; Total population (all ages) - 65 to 69 years - 68 years
SUBHD0101_S85,Number - Both sexes; Total population (all ages) - 65 to 69 years - 69 years
SUBHD0102_S85,Number - Male; Total population (all ages) - 65 to 69 years - 69 years
SUBHD0103_S85,Number - Female; Total population (all ages) - 65 to 69 years - 69 years
SUBHD0201_S85,Percent - Both sexes; Total population (all ages) - 65 to 69 years - 69 years
SUBHD0202_S85,Percent - Male; Total population (all ages) - 65 to 69 years - 69 years
SUBHD0203_S85,Percent - Female; Total population (all ages) - 65 to 69 years - 69 years
HD03_S85,Males per 100 females; Total population (all ages) - 65 to 69 years - 69 years
SUBHD0101_S86,Number - Both sexes; Total population (all ages) - 70 to 74 years
SUBHD0102_S86,Number - Male; Total population (all ages) - 70 to 74 years
SUBHD0103_S86,Number - Female; Total population (all ages) - 70 to 74 years
SUBHD0201_S86,Percent - Both sexes; Total population (all ages) - 70 to 74 years
SUBHD0202_S86,Percent - Male; Total population (all ages) - 70 to 74 years
SUBHD0203_S86,Percent - Female; Total population (all ages) - 70 to 74 years
HD03_S86,Males per 100 females; Total population (all ages) - 70 to 74 years
SUBHD0101_S87,Number - Both sexes; Total population (all ages) - 70 to 74 years - 70 years
SUBHD0102_S87,Number - Male; Total population (all ages) - 70 to 74 years - 70 years
SUBHD0103_S87,Number - Female; Total population (all ages) - 70 to 74 years - 70 years
SUBHD0201_S87,Percent - Both sexes; Total population (all ages) - 70 to 74 years - 70 years
SUBHD0202_S87,Percent - Male; Total population (all ages) - 70 to 74 years - 70 years
SUBHD0203_S87,Percent - Female; Total population (all ages) - 70 to 74 years - 70 years
HD03_S87,Males per 100 females; Total population (all ages) - 70 to 74 years - 70 years
SUBHD0101_S88,Number - Both sexes; Total population (all ages) - 70 to 74 years - 71 years
SUBHD0102_S88,Number - Male; Total population (all ages) - 70 to 74 years - 71 years
SUBHD0103_S88,Number - Female; Total population (all ages) - 70 to 74 years - 71 years
SUBHD0201_S88,Percent - Both sexes; Total population (all ages) - 70 to 74 years - 71 years
SUBHD0202_S88,Percent - Male; Total population (all ages) - 70 to 74 years - 71 years
SUBHD0203_S88,Percent - Female; Total population (all ages) - 70 to 74 years - 71 years
HD03_S88,Males per 100 females; Total population (all ages) - 70 to 74 years - 71 years
SUBHD0101_S89,Number - Both sexes; Total population (all ages) - 70 to 74 years - 72 years
SUBHD0102_S89,Number - Male; Total population (all ages) - 70 to 74 years - 72 years
SUBHD0103_S89,Number - Female; Total population (all ages) - 70 to 74 years - 72 years
SUBHD0201_S89,Percent - Both sexes; Total population (all ages) - 70 to 74 years - 72 years
SUBHD0202_S89,Percent - Male; Total population (all ages) - 70 to 74 years - 72 years
SUBHD0203_S89,Percent - Female; Total population (all ages) - 70 to 74 years - 72 years
HD03_S89,Males per 100 females; Total population (all ages) - 70 to 74 years - 72 years
SUBHD0101_S90,Number - Both sexes; Total population (all ages) - 70 to 74 years - 73 years
SUBHD0102_S90,Number - Male; Total population (all ages) - 70 to 74 years - 73 years
SUBHD0103_S90,Number - Female; Total population (all ages) - 70 to 74 years - 73 years
SUBHD0201_S90,Percent - Both sexes; Total population (all ages) - 70 to 74 years - 73 years
SUBHD0202_S90,Percent - Male; Total population (all ages) - 70 to 74 years - 73 years
SUBHD0203_S90,Percent - Female; Total population (all ages) - 70 to 74 years - 73 years
HD03_S90,Males per 100 females; Total population (all ages) - 70 to 74 years - 73 years
SUBHD0101_S91,Number - Both sexes; Total population (all ages) - 70 to 74 years - 74 years
SUBHD0102_S91,Number - Male; Total population (all ages) - 70 to 74 years - 74 years
SUBHD0103_S91,Number - Female; Total population (all ages) - 70 to 74 years - 74 years
SUBHD0201_S91,Percent - Both sexes; Total population (all ages) - 70 to 74 years - 74 years
SUBHD0202_S91,Percent - Male; Total population (all ages) - 70 to 74 years - 74 years
SUBHD0203_S91,Percent - Female; Total population (all ages) - 70 to 74 years - 74 years
HD03_S91,Males per 100 females; Total population (all ages) - 70 to 74 years - 74 years
SUBHD0101_S92,Number - Both sexes; Total population (all ages) - 75 to 79 years
SUBHD0102_S92,Number - Male; Total population (all ages) - 75 to 79 years
SUBHD0103_S92,Number - Female; Total population (all ages) - 75 to 79 years
SUBHD0201_S92,Percent - Both sexes; Total population (all ages) - 75 to 79 years
SUBHD0202_S92,Percent - Male; Total population (all ages) - 75 to 79 years
SUBHD0203_S92,Percent - Female; Total population (all ages) - 75 to 79 years
HD03_S92,Males per 100 females; Total population (all ages) - 75 to 79 years
SUBHD0101_S93,Number - Both sexes; Total population (all ages) - 75 to 79 years - 75 years
SUBHD0102_S93,Number - Male; Total population (all ages) - 75 to 79 years - 75 years
SUBHD0103_S93,Number - Female; Total population (all ages) - 75 to 79 years - 75 years
SUBHD0201_S93,Percent - Both sexes; Total population (all ages) - 75 to 79 years - 75 years
SUBHD0202_S93,Percent - Male; Total population (all ages) - 75 to 79 years - 75 years
SUBHD0203_S93,Percent - Female; Total population (all ages) - 75 to 79 years - 75 years
HD03_S93,Males per 100 females; Total population (all ages) - 75 to 79 years - 75 years
SUBHD0101_S94,Number - Both sexes; Total population (all ages) - 75 to 79 years - 76 years
SUBHD0102_S94,Number - Male; Total population (all ages) - 75 to 79 years - 76 years
SUBHD0103_S94,Number - Female; Total population (all ages) - 75 to 79 years - 76 years
SUBHD0201_S94,Percent - Both sexes; Total population (all ages) - 75 to 79 years - 76 years
SUBHD0202_S94,Percent - Male; Total population (all ages) - 75 to 79 years - 76 years
SUBHD0203_S94,Percent - Female; Total population (all ages) - 75 to 79 years - 76 years
HD03_S94,Males per 100 females; Total population (all ages) - 75 to 79 years - 76 years
SUBHD0101_S95,Number - Both sexes; Total population (all ages) - 75 to 79 years - 77 years
SUBHD0102_S95,Number - Male; Total population (all ages) - 75 to 79 years - 77 years
SUBHD0103_S95,Number - Female; Total population (all ages) - 75 to 79 years - 77 years
SUBHD0201_S95,Percent - Both sexes; Total population (all ages) - 75 to 79 years - 77 years
SUBHD0202_S95,Percent - Male; Total population (all ages) - 75 to 79 years - 77 years
SUBHD0203_S95,Percent - Female; Total population (all ages) - 75 to 79 years - 77 years
HD03_S95,Males per 100 females; Total population (all ages) - 75 to 79 years - 77 years
SUBHD0101_S96,Number - Both sexes; Total population (all ages) - 75 to 79 years - 78 years
SUBHD0102_S96,Number - Male; Total population (all ages) - 75 to 79 years - 78 years
SUBHD0103_S96,Number - Female; Total population (all ages) - 75 to 79 years - 78 years
SUBHD0201_S96,Percent - Both sexes; Total population (all ages) - 75 to 79 years - 78 years
SUBHD0202_S96,Percent - Male; Total population (all ages) - 75 to 79 years - 78 years
SUBHD0203_S96,Percent - Female; Total population (all ages) - 75 to 79 years - 78 years
HD03_S96,Males per 100 females; Total population (all ages) - 75 to 79 years - 78 years
SUBHD0101_S97,Number - Both sexes; Total population (all ages) - 75 to 79 years - 79 years
SUBHD0102_S97,Number - Male; Total population (all ages) - 75 to 79 years - 79 years
SUBHD0103_S97,Number - Female; Total population (all ages) - 75 to 79 years - 79 years
SUBHD0201_S97,Percent - Both sexes; Total population (all ages) - 75 to 79 years - 79 years
SUBHD0202_S97,Percent - Male; Total population (all ages) - 75 to 79 years - 79 years
SUBHD0203_S97,Percent - Female; Total population (all ages) - 75 to 79 years - 79 years
HD03_S97,Males per 100 females; Total population (all ages) - 75 to 79 years - 79 years
SUBHD0101_S98,Number - Both sexes; Total population (all ages) - 80 to 84 years
SUBHD0102_S98,Number - Male; Total population (all ages) - 80 to 84 years
SUBHD0103_S98,Number - Female; Total population (all ages) - 80 to 84 years
SUBHD0201_S98,Percent - Both sexes; Total population (all ages) - 80 to 84 years
SUBHD0202_S98,Percent - Male; Total population (all ages) - 80 to 84 years
SUBHD0203_S98,Percent - Female; Total population (all ages) - 80 to 84 years
HD03_S98,Males per 100 females; Total population (all ages) - 80 to 84 years
SUBHD0101_S99,Number - Both sexes; Total population (all ages) - 80 to 84 years - 80 years
SUBHD0102_S99,Number - Male; Total population (all ages) - 80 to 84 years - 80 years
SUBHD0103_S99,Number - Female; Total population (all ages) - 80 to 84 years - 80 years
SUBHD0201_S99,Percent - Both sexes; Total population (all ages) - 80 to 84 years - 80 years
SUBHD0202_S99,Percent - Male; Total population (all ages) - 80 to 84 years - 80 years
SUBHD0203_S99,Percent - Female; Total population (all ages) - 80 to 84 years - 80 years
HD03_S99,Males per 100 females; Total population (all ages) - 80 to 84 years - 80 years
SUBHD0101_S100,Number - Both sexes; Total population (all ages) - 80 to 84 years - 81 years
SUBHD0102_S100,Number - Male; Total population (all ages) - 80 to 84 years - 81 years
SUBHD0103_S100,Number - Female; Total population (all ages) - 80 to 84 years - 81 years
SUBHD0201_S100,Percent - Both sexes; Total population (all ages) - 80 to 84 years - 81 years
SUBHD0202_S100,Percent - Male; Total population (all ages) - 80 to 84 years - 81 years
SUBHD0203_S100,Percent - Female; Total population (all ages) - 80 to 84 years - 81 years
HD03_S100,Males per 100 females; Total population (all ages) - 80 to 84 years - 81 years
SUBHD0101_S101,Number - Both sexes; Total population (all ages) - 80 to 84 years - 82 years
SUBHD0102_S101,Number - Male; Total population (all ages) - 80 to 84 years - 82 years
SUBHD0103_S101,Number - Female; Total population (all ages) - 80 to 84 years - 82 years
SUBHD0201_S101,Percent - Both sexes; Total population (all ages) - 80 to 84 years - 82 years
SUBHD0202_S101,Percent - Male; Total population (all ages) - 80 to 84 years - 82 years
SUBHD0203_S101,Percent - Female; Total population (all ages) - 80 to 84 years - 82 years
HD03_S101,Males per 100 females; Total population (all ages) - 80 to 84 years - 82 years
SUBHD0101_S102,Number - Both sexes; Total population (all ages) - 80 to 84 years - 83 years
SUBHD0102_S102,Number - Male; Total population (all ages) - 80 to 84 years - 83 years
SUBHD0103_S102,Number - Female; Total population (all ages) - 80 to 84 years - 83 years
SUBHD0201_S102,Percent - Both sexes; Total population (all ages) - 80 to 84 years - 83 years
SUBHD0202_S102,Percent - Male; Total population (all ages) - 80 to 84 years - 83 years
SUBHD0203_S102,Percent - Female; Total population (all ages) - 80 to 84 years - 83 years
HD03_S102,Males per 100 females; Total population (all ages) - 80 to 84 years - 83 years
SUBHD0101_S103,Number - Both sexes; Total population (all ages) - 80 to 84 years - 84 years
SUBHD0102_S103,Number - Male; Total population (all ages) - 80 to 84 years - 84 years
SUBHD0103_S103,Number - Female; Total population (all ages) - 80 to 84 years - 84 years
SUBHD0201_S103,Percent - Both sexes; Total population (all ages) - 80 to 84 years - 84 years
SUBHD0202_S103,Percent - Male; Total population (all ages) - 80 to 84 years - 84 years
SUBHD0203_S103,Percent - Female; Total population (all ages) - 80 to 84 years - 84 years
HD03_S103,Males per 100 females; Total population (all ages) - 80 to 84 years - 84 years
SUBHD0101_S104,Number - Both sexes; Total population (all ages) - 85 to 89 years
SUBHD0102_S104,Number - Male; Total population (all ages) - 85 to 89 years
SUBHD0103_S104,Number - Female; Total population (all ages) - 85 to 89 years
SUBHD0201_S104,Percent - Both sexes; Total population (all ages) - 85 to 89 years
SUBHD0202_S104,Percent - Male; Total population (all ages) - 85 to 89 years
SUBHD0203_S104,Percent - Female; Total population (all ages) - 85 to 89 years
HD03_S104,Males per 100 females; Total population (all ages) - 85 to 89 years
SUBHD0101_S105,Number - Both sexes; Total population (all ages) - 85 to 89 years - 85 years
SUBHD0102_S105,Number - Male; Total population (all ages) - 85 to 89 years - 85 years
SUBHD0103_S105,Number - Female; Total population (all ages) - 85 to 89 years - 85 years
SUBHD0201_S105,Percent - Both sexes; Total population (all ages) - 85 to 89 years - 85 years
SUBHD0202_S105,Percent - Male; Total population (all ages) - 85 to 89 years - 85 years
SUBHD0203_S105,Percent - Female; Total population (all ages) - 85 to 89 years - 85 years
HD03_S105,Males per 100 females; Total population (all ages) - 85 to 89 years - 85 years
SUBHD0101_S106,Number - Both sexes; Total population (all ages) - 85 to 89 years - 86 years
SUBHD0102_S106,Number - Male; Total population (all ages) - 85 to 89 years - 86 years
SUBHD0103_S106,Number - Female; Total population (all ages) - 85 to 89 years - 86 years
SUBHD0201_S106,Percent - Both sexes; Total population (all ages) - 85 to 89 years - 86 years
SUBHD0202_S106,Percent - Male; Total population (all ages) - 85 to 89 years - 86 years
SUBHD0203_S106,Percent - Female; Total population (all ages) - 85 to 89 years - 86 years
HD03_S106,Males per 100 females; Total population (all ages) - 85 to 89 years - 86 years
SUBHD0101_S107,Number - Both sexes; Total population (all ages) - 85 to 89 years - 87 years
SUBHD0102_S107,Number - Male; Total population (all ages) - 85 to 89 years - 87 years
SUBHD0103_S107,Number - Female; Total population (all ages) - 85 to 89 years - 87 years
SUBHD0201_S107,Percent - Both sexes; Total population (all ages) - 85 to 89 years - 87 years
SUBHD0202_S107,Percent - Male; Total population (all ages) - 85 to 89 years - 87 years
SUBHD0203_S107,Percent - Female; Total population (all ages) - 85 to 89 years - 87 years
HD03_S107,Males per 100 females; Total population (all ages) - 85 to 89 years - 87 years
SUBHD0101_S108,Number - Both sexes; Total population (all ages) - 85 to 89 years - 88 years
SUBHD0102_S108,Number - Male; Total population (all ages) - 85 to 89 years - 88 years
SUBHD0103_S108,Number - Female; Total population (all ages) - 85 to 89 years - 88 years
SUBHD0201_S108,Percent - Both sexes; Total population (all ages) - 85 to 89 years - 88 years
SUBHD0202_S108,Percent - Male; Total population (all ages) - 85 to 89 years - 88 years
SUBHD0203_S108,Percent - Female; Total population (all ages) - 85 to 89 years - 88 years
HD03_S108,Males per 100 females; Total population (all ages) - 85 to 89 years - 88 years
SUBHD0101_S109,Number - Both sexes; Total population (all ages) - 85 to 89 years - 89 years
SUBHD0102_S109,Number - Male; Total population (all ages) - 85 to 89 years - 89 years
SUBHD0103_S109,Number - Female; Total population (all ages) - 85 to 89 years - 89 years
SUBHD0201_S109,Percent - Both sexes; Total population (all ages) - 85 to 89 years - 89 years
SUBHD0202_S109,Percent - Male; Total population (all ages) - 85 to 89 years - 89 years
SUBHD0203_S109,Percent - Female; Total population (all ages) - 85 to 89 years - 89 years
HD03_S109,Males per 100 females; Total population (all ages) - 85 to 89 years - 89 years
SUBHD0101_S110,Number - Both sexes; Total population (all ages) - 90 to 94 years
SUBHD0102_S110,Number - Male; Total population (all ages) - 90 to 94 years
SUBHD0103_S110,Number - Female; Total population (all ages) - 90 to 94 years
SUBHD0201_S110,Percent - Both sexes; Total population (all ages) - 90 to 94 years
SUBHD0202_S110,Percent - Male; Total population (all ages) - 90 to 94 years
SUBHD0203_S110,Percent - Female; Total population (all ages) - 90 to 94 years
HD03_S110,Males per 100 females; Total population (all ages) - 90 to 94 years
SUBHD0101_S111,Number - Both sexes; Total population (all ages) - 90 to 94 years - 90 years
SUBHD0102_S111,Number - Male; Total population (all ages) - 90 to 94 years - 90 years
SUBHD0103_S111,Number - Female; Total population (all ages) - 90 to 94 years - 90 years
SUBHD0201_S111,Percent - Both sexes; Total population (all ages) - 90 to 94 years - 90 years
SUBHD0202_S111,Percent - Male; Total population (all ages) - 90 to 94 years - 90 years
SUBHD0203_S111,Percent - Female; Total population (all ages) - 90 to 94 years - 90 years
HD03_S111,Males per 100 females; Total population (all ages) - 90 to 94 years - 90 years
SUBHD0101_S112,Number - Both sexes; Total population (all ages) - 90 to 94 years - 91 years
SUBHD0102_S112,Number - Male; Total population (all ages) - 90 to 94 years - 91 years
SUBHD0103_S112,Number - Female; Total population (all ages) - 90 to 94 years - 91 years
SUBHD0201_S112,Percent - Both sexes; Total population (all ages) - 90 to 94 years - 91 years
SUBHD0202_S112,Percent - Male; Total population (all ages) - 90 to 94 years - 91 years
SUBHD0203_S112,Percent - Female; Total population (all ages) - 90 to 94 years - 91 years
HD03_S112,Males per 100 females; Total population (all ages) - 90 to 94 years - 91 years
SUBHD0101_S113,Number - Both sexes; Total population (all ages) - 90 to 94 years - 92 years
SUBHD0102_S113,Number - Male; Total population (all ages) - 90 to 94 years - 92 years
SUBHD0103_S113,Number - Female; Total population (all ages) - 90 to 94 years - 92 years
SUBHD0201_S113,Percent - Both sexes; Total population (all ages) - 90 to 94 years - 92 years
SUBHD0202_S113,Percent - Male; Total population (all ages) - 90 to 94 years - 92 years
SUBHD0203_S113,Percent - Female; Total population (all ages) - 90 to 94 years - 92 years
HD03_S113,Males per 100 females; Total population (all ages) - 90 to 94 years - 92 years
SUBHD0101_S114,Number - Both sexes; Total population (all ages) - 90 to 94 years - 93 years
SUBHD0102_S114,Number - Male; Total population (all ages) - 90 to 94 years - 93 years
SUBHD0103_S114,Number - Female; Total population (all ages) - 90 to 94 years - 93 years
SUBHD0201_S114,Percent - Both sexes; Total population (all ages) - 90 to 94 years - 93 years
SUBHD0202_S114,Percent - Male; Total population (all ages) - 90 to 94 years - 93 years
SUBHD0203_S114,Percent - Female; Total population (all ages) - 90 to 94 years - 93 years
HD03_S114,Males per 100 females; Total population (all ages) - 90 to 94 years - 93 years
SUBHD0101_S115,Number - Both sexes; Total population (all ages) - 90 to 94 years - 94 years
SUBHD0102_S115,Number - Male; Total population (all ages) - 90 to 94 years - 94 years
SUBHD0103_S115,Number - Female; Total population (all ages) - 90 to 94 years - 94 years
SUBHD0201_S115,Percent - Both sexes; Total population (all ages) - 90 to 94 years - 94 years
SUBHD0202_S115,Percent - Male; Total population (all ages) - 90 to 94 years - 94 years
SUBHD0203_S115,Percent - Female; Total population (all ages) - 90 to 94 years - 94 years
HD03_S115,Males per 100 females; Total population (all ages) - 90 to 94 years - 94 years
SUBHD0101_S116,Number - Both sexes; Total population (all ages) - 95 to 99 years
SUBHD0102_S116,Number - Male; Total population (all ages) - 95 to 99 years
SUBHD0103_S116,Number - Female; Total population (all ages) - 95 to 99 years
SUBHD0201_S116,Percent - Both sexes; Total population (all ages) - 95 to 99 years
SUBHD0202_S116,Percent - Male; Total population (all ages) - 95 to 99 years
SUBHD0203_S116,Percent - Female; Total population (all ages) - 95 to 99 years
HD03_S116,Males per 100 females; Total population (all ages) - 95 to 99 years
SUBHD0101_S117,Number - Both sexes; Total population (all ages) - 95 to 99 years - 95 years
SUBHD0102_S117,Number - Male; Total population (all ages) - 95 to 99 years - 95 years
SUBHD0103_S117,Number - Female; Total population (all ages) - 95 to 99 years - 95 years
SUBHD0201_S117,Percent - Both sexes; Total population (all ages) - 95 to 99 years - 95 years
SUBHD0202_S117,Percent - Male; Total population (all ages) - 95 to 99 years - 95 years
SUBHD0203_S117,Percent - Female; Total population (all ages) - 95 to 99 years - 95 years
HD03_S117,Males per 100 females; Total population (all ages) - 95 to 99 years - 95 years
SUBHD0101_S118,Number - Both sexes; Total population (all ages) - 95 to 99 years - 96 years
SUBHD0102_S118,Number - Male; Total population (all ages) - 95 to 99 years - 96 years
SUBHD0103_S118,Number - Female; Total population (all ages) - 95 to 99 years - 96 years
SUBHD0201_S118,Percent - Both sexes; Total population (all ages) - 95 to 99 years - 96 years
SUBHD0202_S118,Percent - Male; Total population (all ages) - 95 to 99 years - 96 years
SUBHD0203_S118,Percent - Female; Total population (all ages) - 95 to 99 years - 96 years
HD03_S118,Males per 100 females; Total population (all ages) - 95 to 99 years - 96 years
SUBHD0101_S119,Number - Both sexes; Total population (all ages) - 95 to 99 years - 97 years
SUBHD0102_S119,Number - Male; Total population (all ages) - 95 to 99 years - 97 years
SUBHD0103_S119,Number - Female; Total population (all ages) - 95 to 99 years - 97 years
SUBHD0201_S119,Percent - Both sexes; Total population (all ages) - 95 to 99 years - 97 years
SUBHD0202_S119,Percent - Male; Total population (all ages) - 95 to 99 years - 97 years
SUBHD0203_S119,Percent - Female; Total population (all ages) - 95 to 99 years - 97 years
HD03_S119,Males per 100 females; Total population (all ages) - 95 to 99 years - 97 years
SUBHD0101_S120,Number - Both sexes; Total population (all ages) - 95 to 99 years - 98 years
SUBHD0102_S120,Number - Male; Total population (all ages) - 95 to 99 years - 98 years
SUBHD0103_S120,Number - Female; Total population (all ages) - 95 to 99 years - 98 years
SUBHD0201_S120,Percent - Both sexes; Total population (all ages) - 95 to 99 years - 98 years
SUBHD0202_S120,Percent - Male; Total population (all ages) - 95 to 99 years - 98 years
SUBHD0203_S120,Percent - Female; Total population (all ages) - 95 to 99 years - 98 years
HD03_S120,Males per 100 females; Total population (all ages) - 95 to 99 years - 98 years
SUBHD0101_S121,Number - Both sexes; Total population (all ages) - 95 to 99 years - 99 years
SUBHD0102_S121,Number - Male; Total population (all ages) - 95 to 99 years - 99 years
SUBHD0103_S121,Number - Female; Total population (all ages) - 95 to 99 years - 99 years
SUBHD0201_S121,Percent - Both sexes; Total population (all ages) - 95 to 99 years - 99 years
SUBHD0202_S121,Percent - Male; Total population (all ages) - 95 to 99 years - 99 years
SUBHD0203_S121,Percent - Female; Total population (all ages) - 95 to 99 years - 99 years
HD03_S121,Males per 100 females; Total population (all ages) - 95 to 99 years - 99 years
SUBHD0101_S122,Number - Both sexes; Total population (all ages) - 100 to 104 years
SUBHD0102_S122,Number - Male; Total population (all ages) - 100 to 104 years
SUBHD0103_S122,Number - Female; Total population (all ages) - 100 to 104 years
SUBHD0201_S122,Percent - Both sexes; Total population (all ages) - 100 to 104 years
SUBHD0202_S122,Percent - Male; Total population (all ages) - 100 to 104 years
SUBHD0203_S122,Percent - Female; Total population (all ages) - 100 to 104 years
HD03_S122,Males per 100 females; Total population (all ages) - 100 to 104 years
SUBHD0101_S123,Number - Both sexes; Total population (all ages) - 105 to 109 years
SUBHD0102_S123,Number - Male; Total population (all ages) - 105 to 109 years
SUBHD0103_S123,Number - Female; Total population (all ages) - 105 to 109 years
SUBHD0201_S123,Percent - Both sexes; Total population (all ages) - 105 to 109 years
SUBHD0202_S123,Percent - Male; Total population (all ages) - 105 to 109 years
SUBHD0203_S123,Percent - Female; Total population (all ages) - 105 to 109 years
HD03_S123,Males per 100 females; Total population (all ages) - 105 to 109 years
SUBHD0101_S124,Number - Both sexes; Total population (all ages) - 110 years and over
SUBHD0102_S124,Number - Male; Total population (all ages) - 110 years and over
SUBHD0103_S124,Number - Female; Total population (all ages) - 110 years and over
SUBHD0201_S124,Percent - Both sexes; Total population (all ages) - 110 years and over
SUBHD0202_S124,Percent - Male; Total population (all ages) - 110 years and over
SUBHD0203_S124,Percent - Female; Total population (all ages) - 110 years and over
HD03_S124,Males per 100 females; Total population (all ages) - 110 years and over
